<?xml version="1.0" encoding="UTF-8"?>
<envEvento versao="1.00" xmlns="http://www.oobj.com.br/nfe">
	<idLote>1</idLote>
	<evento>
		<infEvento>
			<cOrgao>43</cOrgao>
			<CNPJ>07385111000102</CNPJ>
			<chNFe>43120707385111000102555560000001371562494590</chNFe>
			<dhEvento>2012-07-04T15:42:45-03:00</dhEvento>
			<tpEvento>110111</tpEvento>
			<nSeqEvento>1</nSeqEvento>
			<verEvento>1.00</verEvento>
			<detEvento>
				<descEvento>Cancelamento</descEvento>
				<xJust>Teste de Cancelamento como Evento para NF-e, XML Oobj</xJust>
			</detEvento>
		</infEvento>
	</evento>
</envEvento>
