<?xml version="1.0" encoding="UTF-8"?>
<envEvento versao="1.00" xmlns="http://www.oobj.com.br/nfe">
	<idLote>1</idLote>
	<evento>
		<infEvento>
			<cOrgao>43</cOrgao>
			<CNPJ>07385111000102</CNPJ>
			<chNFe>43120707385111000102555560000001341787211488</chNFe>
			<tpEvento>110110</tpEvento>
			<nSeqEvento>1</nSeqEvento>
			<verEvento>1.00</verEvento>
			<detEvento>
				<descEvento>Carta de Correção</descEvento>
				<xCorrecao>Texto de teste para Carta de Correção. Conteúdo do campo xCorrecao</xCorrecao>
				<xCondUso>A Carta de Correção é disciplinada pelo § 1º-A do art. 7º do Convênio S/N, de 15 de dezembro de 1970 e pode ser utilizada para regularização de erro ocorrido na emissão de documento fiscal, desde que o erro não esteja relacionado com: I - as variáveis que determinam o valor do imposto tais como: base de cálculo, alíquota, diferença de preço, quantidade, valor da operação ou da prestação; II - a correção de dados cadastrais que implique mudança do remetente ou do destinatário; III - a data de emissão ou de saída.</xCondUso>
			</detEvento>
		</infEvento>
	</evento>
</envEvento>
