<?xml version="1.0" encoding="UTF-8"?>
<envEvento versao="1.00" xmlns="http://www.oobj.com.br/nfe">
	<idLote>1</idLote>
	<evento>
		<infEvento>
			<cOrgao>43</cOrgao>
			<CNPJ>07385111000102</CNPJ>
			<chNFe>43131107385111000102554440000000051635277586</chNFe>
			<tpEvento>210240</tpEvento>
			<nSeqEvento>1</nSeqEvento>
			<verEvento>1.00</verEvento>
			<detEvento>
				<descEvento>Operacao nao Realizada</descEvento>
				<xJust>Teste de manifestacao para operacao nao realizada.</xJust>
			</detEvento>
		</infEvento>
	</evento>
</envEvento>