<?xml version="1.0" encoding="UTF-8"?>
<retEvento xmlns="http://www.oobj.com.br/nfe"><infEvento><idLote>1</idLote><tpAmb>2</tpAmb><verAplic>RS20120906120553</verAplic><cOrgao>43</cOrgao><cStat>135</cStat><xMotivo>Evento registrado e vinculado a NF-e</xMotivo><chNFe>43131107385111000102554440000000011527272243</chNFe><tpEvento>110110</tpEvento><xEvento>Carta de Correção</xEvento><nSeqEvento>1</nSeqEvento><CNPJDest>03484457000107</CNPJDest><dhRegEvento>2013-11-12T18:02:59-02:00</dhRegEvento><nProt>143130006511343</nProt></infEvento></retEvento>