<?xml version="1.0" encoding="UTF-8"?>
<retConsReciNFe xmlns="http://www.oobj.com.br/nfe"><idLote>1</idLote><origemResp>S</origemResp><nRec>431000022764304</nRec><cStat>104</cStat><xMotivo>Lote processado</xMotivo><cUF>43</cUF><protNFe><infProt><chNFe>43140201098983010680557960000005991314477461</chNFe><serie>444</serie><nNF>1</nNF><dhRecbto>2013-11-12T17:57:28.000-02:00</dhRecbto><nProt>143130006510696</nProt><digVal>fs/6+ZYmqf8zuLI7/mSfSaDrqZU=</digVal><cStat>100</cStat><xMotivo>Autorizado o uso da NF-e</xMotivo></infProt></protNFe></retConsReciNFe>