<?xml version="1.0" encoding="UTF-8"?>
<envEvento versao="1.00" xmlns="http://www.portalfiscal.inf.br/nfe">
	<idLote>1</idLote>
	<evento versao="1.00">
		<infEvento Id="ID1101104313110738511100010255444000000001152727224301">
			<cOrgao>43</cOrgao>
			<tpAmb>2</tpAmb>
			<CNPJ>07385111000102</CNPJ>
			<chNFe>43131107385111000102554440000000011527272243</chNFe>
			<dhEvento>2013-11-12T18:02:59-02:00</dhEvento>
			<tpEvento>110110</tpEvento>
			<nSeqEvento>1</nSeqEvento>
			<verEvento>1.00</verEvento>
			<detEvento versao="1.00">
				<descEvento>Carta de Correcao</descEvento>
				<xCorrecao>Texto de teste para Carta de Correcao. Conteudo do campo xCorrecao</xCorrecao>
				<xCondUso>A Carta de Corre&#xE7;&#xE3;o &#xE9; disciplinada pelo &#xA7; 1&#xBA;-A do art. 7&#xBA; do Conv&#xEA;nio S/N, de 15 de dezembro de 1970 e pode ser utilizada para regulariza&#xE7;&#xE3;o de erro ocorrido na emiss&#xE3;o de documento fiscal, desde que o erro n&#xE3;o esteja relacionado com: I - as vari&#xE1;veis que determinam o valor do imposto tais como: base de c&#xE1;lculo, al&#xED;quota, diferen&#xE7;a de pre&#xE7;o, quantidade, valor da opera&#xE7;&#xE3;o ou da presta&#xE7;&#xE3;o; II - a corre&#xE7;&#xE3;o de dados cadastrais que implique mudan&#xE7;a do remetente ou do destinat&#xE1;rio; III - a data de emiss&#xE3;o ou de sa&#xED;da.</xCondUso>
			</detEvento>
		</infEvento>
	</evento>
</envEvento>