<?xml version="1.0" encoding="UTF-8"?>
<envEvento versao="1.00" xmlns="http://www.portalfiscal.inf.br/nfe">
	<idLote>1</idLote>
	<evento versao="1.00">
		<infEvento Id="ID2102104312070738511100010255556000000137156249459001">
			<cOrgao>43</cOrgao>
			<tpAmb>2</tpAmb>
			<CNPJ>07385111000102</CNPJ>
			<chNFe>43120707385111000102555560000001371562494590</chNFe>
			<dhEvento>2013-11-12T18:25:07-02:00</dhEvento>
			<tpEvento>210210</tpEvento>
			<nSeqEvento>1</nSeqEvento>
			<verEvento>1.00</verEvento>
			<detEvento versao="1.00">
				<descEvento>Ciencia da Operacao</descEvento>
			</detEvento>
		</infEvento>
	</evento>
</envEvento>