<?xml version="1.0" encoding="UTF-8"?>
<envEvento versao="1.00" xmlns="http://www.portalfiscal.inf.br/nfe">
	<idLote>1</idLote>
	<evento versao="1.00">
		<infEvento Id="ID2102404313110738511100010255444000000005163527758601">
			<cOrgao>43</cOrgao>
			<tpAmb>2</tpAmb>
			<CNPJ>07385111000102</CNPJ>
			<chNFe>43131107385111000102554440000000051635277586</chNFe>
			<dhEvento>2013-11-12T18:37:18-02:00</dhEvento>
			<tpEvento>210240</tpEvento>
			<nSeqEvento>1</nSeqEvento>
			<verEvento>1.00</verEvento>
			<detEvento versao="1.00">
				<descEvento>Operacao nao Realizada</descEvento>
				<xJust>Teste de manifestacao para operacao nao realizada.</xJust>
			</detEvento>
		</infEvento>
	</evento>
</envEvento>