<?xml version="1.0" encoding="UTF-8"?>
<retInutNFe versao="3.10" xmlns="http://www.portalfiscal.inf.br/nfe"><infInut Id="ID43120738511100010265444000000008000000008"><tpAmb>2</tpAmb><verAplic>RS20120824171910</verAplic><cStat>102</cStat><xMotivo>Inutilização de número homologado</xMotivo><cUF>43</cUF><ano>12</ano><CNPJ>07385111000102</CNPJ><mod>55</mod><serie>444</serie><nNFIni>8</nNFIni><nNFFin>8</nNFFin><dhRecbto>2013-11-13T19:03:30</dhRecbto><nProt>143130006534124</nProt></infInut></retInutNFe>