<?xml version="1.0" encoding="UTF-8"?>
<envEvento versao="1.00" xmlns="http://www.portalfiscal.inf.br/nfe">
	<idLote>1</idLote>
	<evento versao="1.00">
		<infEvento Id="ID1101114313110738511100010255444000000001152727224301">
			<cOrgao>43</cOrgao>
			<tpAmb>2</tpAmb>
			<CNPJ>07385111000102</CNPJ>
			<chNFe>43131107385111000102554440000000011527272243</chNFe>
			<dhEvento>2013-11-12T18:04:24-02:00</dhEvento>
			<tpEvento>110111</tpEvento>
			<nSeqEvento>1</nSeqEvento>
			<verEvento>1.00</verEvento>
			<detEvento versao="1.00">
				<descEvento>Cancelamento</descEvento>
				<nProt>143130006510696</nProt>
				<xJust>Teste de Cancelamento como Evento para NF-e, XML Oobj</xJust>
			</detEvento>
		</infEvento>
	</evento>
</envEvento>