<?xml version="1.0" encoding="UTF-8"?>
<enviNFe versao="4.00" xmlns="http://www.portalfiscal.inf.br/nfe">
	<idLote>30610505</idLote>
	<indSinc>1</indSinc>
	<NFe>
		<infNFe Id="NFe43140201098983010680657960000005991314477461" versao="4.00">
			<ide>
				<cUF>43</cUF>
				<cNF>13144774</cNF>
				<natOp>REVENDA DE MERCADORIAS SIMPLES NACIONAL - SC</natOp>
				<mod>65</mod>
				<serie>501</serie>
				<nNF>30610505</nNF>
				<dhEmi>2017-12-20T18:04:51-02:00</dhEmi>
				<tpNF>1</tpNF>
				<idDest>1</idDest>
				<cMunFG>4314902</cMunFG>
				<tpImp>4</tpImp>
				<tpEmis>1</tpEmis>
				<tpAmb>2</tpAmb>
				<finNFe>1</finNFe>
				<indFinal>1</indFinal>
				<indPres>1</indPres>
				<procEmi>0</procEmi>
				<verProc>OOBJ-NFE_EE</verProc>
			</ide>
			<emit>
				<CNPJ>07385111000102</CNPJ>
				<xNome>E-Sales Solucoes Oobj</xNome>
				<enderEmit>
					<xLgr>PROF ALGACYR MUNHOZ MADER</xLgr>
					<nro>2800</nro>
					<xBairro>CIC</xBairro>
					<cMun>4314902</cMun>
					<xMun>Porto Alegre</xMun>
					<UF>RS</UF>
					<CEP>81310020</CEP>
					<cPais>1058</cPais>
					<xPais>BRASIL</xPais>
					<fone>4121098000</fone>
				</enderEmit>
				<IE>0963233556</IE>
				<CRT>3</CRT>
			</emit>
			<dest>
				<CNPJ>01098983000537</CNPJ>
				<xNome>Paqueta</xNome>
				<enderDest>
					<xLgr>AV. FRANCA</xLgr>
					<nro>1162</nro>
					<xBairro>NAVEGANTES</xBairro>
					<cMun>4314902</cMun>
					<xMun>PORTO ALEGRE</xMun>
					<UF>RS</UF>
					<CEP>44096486</CEP>
					<cPais>1058</cPais>
					<xPais>BRASIL</xPais>
					<fone>7536230233</fone>
				</enderDest>
				<indIEDest>9</indIEDest>
				<IM>InsMun</IM>
			</dest>
			<det nItem="1">
				<prod>
					<cProd>171433</cProd>
					<cEAN>7891200007448</cEAN>
					<xProd>NOTA FISCAL EMITIDA EM AMBIENTE DE HOMOLOGACAO - SEM VALOR FISCAL</xProd>
					<NCM>35061090</NCM>
					<CFOP>5101</CFOP>
					<uCom>UN</uCom>
					<qCom>60.0000</qCom>
					<vUnCom>7.3979000000</vUnCom>
					<vProd>443.87</vProd>
					<cEANTrib>7891200007448</cEANTrib>
					<uTrib>UN</uTrib>
					<qTrib>60.0000</qTrib>
					<vUnTrib>7.3979000000</vUnTrib>
					<indTot>1</indTot>
				</prod>
				<imposto>
					<ICMS>
						<ICMS10>
							<orig>0</orig>
							<CST>10</CST>
							<modBC>3</modBC>
							<vBC>0.00</vBC>
							<pICMS>12.00</pICMS>
							<vICMS>0.00</vICMS>
							<modBCST>4</modBCST>
							<pMVAST>43.14</pMVAST>
							<vBCST>646.34</vBCST>
							<pICMSST>17.00</pICMSST>
							<vICMSST>55.68</vICMSST>
						</ICMS10>
					</ICMS>
					<PIS>
						<PISAliq>
							<CST>02</CST>
							<vBC>443.87</vBC>
							<pPIS>1.65</pPIS>
							<vPIS>7.32</vPIS>
						</PISAliq>
					</PIS>
					<COFINS>
						<COFINSAliq>
							<CST>02</CST>
							<vBC>443.87</vBC>
							<pCOFINS>7.60</pCOFINS>
							<vCOFINS>33.73</vCOFINS>
						</COFINSAliq>
					</COFINS>
				</imposto>
				<infAdProd>PP-32 CRISTAL (1) / STRASS PP-26 CRISTAL (1) OC:19.05</infAdProd>
			</det>
			<det nItem="2">
				<prod>
					<cProd>171433</cProd>
					<cEAN>7891200007448</cEAN>
					<xProd>ADESIVO CASCOREZ EXTRA 1 KG - HENKEL</xProd>
					<NCM>35061090</NCM>
					<CFOP>5101</CFOP>
					<uCom>UN</uCom>
					<qCom>60.0000</qCom>
					<vUnCom>7.3979000000</vUnCom>
					<vProd>443.87</vProd>
					<cEANTrib>7891200007448</cEANTrib>
					<uTrib>UN</uTrib>
					<qTrib>60.0000</qTrib>
					<vUnTrib>7.3979000000</vUnTrib>
					<indTot>1</indTot>
				</prod>
				<imposto>
					<ICMS>
						<ICMS10>
							<orig>0</orig>
							<CST>10</CST>
							<modBC>3</modBC>
							<vBC>0.00</vBC>
							<pICMS>12.00</pICMS>
							<vICMS>0.00</vICMS>
							<modBCST>4</modBCST>
							<pMVAST>43.14</pMVAST>
							<vBCST>646.34</vBCST>
							<pICMSST>17.00</pICMSST>
							<vICMSST>55.68</vICMSST>
						</ICMS10>
					</ICMS>
					<PIS>
						<PISAliq>
							<CST>02</CST>
							<vBC>443.87</vBC>
							<pPIS>1.65</pPIS>
							<vPIS>7.32</vPIS>
						</PISAliq>
					</PIS>
					<COFINS>
						<COFINSAliq>
							<CST>02</CST>
							<vBC>443.87</vBC>
							<pCOFINS>7.60</pCOFINS>
							<vCOFINS>33.73</vCOFINS>
						</COFINSAliq>
					</COFINS>
				</imposto>
				<infAdProd>PP-32 CRISTAL (1) / STRASS PP-26 CRISTAL (1) OC:19.05</infAdProd>
			</det>
			<det nItem="3">
				<prod>
					<cProd>171433</cProd>
					<cEAN>7891200007448</cEAN>
					<xProd>ADESIVO CASCOREZ EXTRA 1 KG - HENKEL</xProd>
					<NCM>35061090</NCM>
					<CFOP>5101</CFOP>
					<uCom>UN</uCom>
					<qCom>60.0000</qCom>
					<vUnCom>7.3979000000</vUnCom>
					<vProd>443.87</vProd>
					<cEANTrib>7891200007448</cEANTrib>
					<uTrib>UN</uTrib>
					<qTrib>60.0000</qTrib>
					<vUnTrib>7.3979000000</vUnTrib>
					<indTot>1</indTot>
				</prod>
				<imposto>
					<ICMS>
						<ICMS10>
							<orig>0</orig>
							<CST>10</CST>
							<modBC>3</modBC>
							<vBC>0.00</vBC>
							<pICMS>12.00</pICMS>
							<vICMS>0.00</vICMS>
							<modBCST>4</modBCST>
							<pMVAST>43.14</pMVAST>
							<vBCST>646.34</vBCST>
							<pICMSST>17.00</pICMSST>
							<vICMSST>55.68</vICMSST>
						</ICMS10>
					</ICMS>
					<PIS>
						<PISAliq>
							<CST>02</CST>
							<vBC>443.87</vBC>
							<pPIS>1.65</pPIS>
							<vPIS>7.32</vPIS>
						</PISAliq>
					</PIS>
					<COFINS>
						<COFINSAliq>
							<CST>02</CST>
							<vBC>443.87</vBC>
							<pCOFINS>7.60</pCOFINS>
							<vCOFINS>33.73</vCOFINS>
						</COFINSAliq>
					</COFINS>
				</imposto>
				<infAdProd>PP-32 CRISTAL (1) / STRASS PP-26 CRISTAL (1) OC:19.05</infAdProd>
			</det>
			<det nItem="4">
				<prod>
					<cProd>171433</cProd>
					<cEAN>7891200007448</cEAN>
					<xProd>ADESIVO CASCOREZ EXTRA 1 KG - HENKEL</xProd>
					<NCM>35061090</NCM>
					<CFOP>5101</CFOP>
					<uCom>UN</uCom>
					<qCom>60.0000</qCom>
					<vUnCom>7.3979000000</vUnCom>
					<vProd>443.87</vProd>
					<cEANTrib>7891200007448</cEANTrib>
					<uTrib>UN</uTrib>
					<qTrib>60.0000</qTrib>
					<vUnTrib>7.3979000000</vUnTrib>
					<indTot>1</indTot>
				</prod>
				<imposto>
					<ICMS>
						<ICMS10>
							<orig>0</orig>
							<CST>10</CST>
							<modBC>3</modBC>
							<vBC>0.00</vBC>
							<pICMS>12.00</pICMS>
							<vICMS>0.00</vICMS>
							<modBCST>4</modBCST>
							<pMVAST>43.14</pMVAST>
							<vBCST>646.34</vBCST>
							<pICMSST>17.00</pICMSST>
							<vICMSST>55.68</vICMSST>
						</ICMS10>
					</ICMS>
					<PIS>
						<PISAliq>
							<CST>02</CST>
							<vBC>443.87</vBC>
							<pPIS>1.65</pPIS>
							<vPIS>7.32</vPIS>
						</PISAliq>
					</PIS>
					<COFINS>
						<COFINSAliq>
							<CST>02</CST>
							<vBC>443.87</vBC>
							<pCOFINS>7.60</pCOFINS>
							<vCOFINS>33.73</vCOFINS>
						</COFINSAliq>
					</COFINS>
				</imposto>
				<infAdProd>PP-32 CRISTAL (1) / STRASS PP-26 CRISTAL (1) OC:19.05</infAdProd>
			</det>
			<det nItem="5">
				<prod>
					<cProd>171433</cProd>
					<cEAN>7891200007448</cEAN>
					<xProd>ADESIVO CASCOREZ EXTRA 1 KG - HENKEL</xProd>
					<NCM>35061090</NCM>
					<CFOP>5101</CFOP>
					<uCom>UN</uCom>
					<qCom>60.0000</qCom>
					<vUnCom>7.3979000000</vUnCom>
					<vProd>443.87</vProd>
					<cEANTrib>7891200007448</cEANTrib>
					<uTrib>UN</uTrib>
					<qTrib>60.0000</qTrib>
					<vUnTrib>7.3979000000</vUnTrib>
					<indTot>1</indTot>
				</prod>
				<imposto>
					<ICMS>
						<ICMS10>
							<orig>0</orig>
							<CST>10</CST>
							<modBC>3</modBC>
							<vBC>0.00</vBC>
							<pICMS>12.00</pICMS>
							<vICMS>0.00</vICMS>
							<modBCST>4</modBCST>
							<pMVAST>43.14</pMVAST>
							<vBCST>646.34</vBCST>
							<pICMSST>17.00</pICMSST>
							<vICMSST>55.68</vICMSST>
						</ICMS10>
					</ICMS>
					<PIS>
						<PISAliq>
							<CST>02</CST>
							<vBC>443.87</vBC>
							<pPIS>1.65</pPIS>
							<vPIS>7.32</vPIS>
						</PISAliq>
					</PIS>
					<COFINS>
						<COFINSAliq>
							<CST>02</CST>
							<vBC>443.87</vBC>
							<pCOFINS>7.60</pCOFINS>
							<vCOFINS>33.73</vCOFINS>
						</COFINSAliq>
					</COFINS>
				</imposto>
				<infAdProd>PP-32 CRISTAL (1) / STRASS PP-26 CRISTAL (1) OC:19.05</infAdProd>
			</det>
			<det nItem="6">
				<prod>
					<cProd>171433</cProd>
					<cEAN>7891200007448</cEAN>
					<xProd>ADESIVO CASCOREZ EXTRA 1 KG - HENKEL</xProd>
					<NCM>35061090</NCM>
					<CFOP>5101</CFOP>
					<uCom>UN</uCom>
					<qCom>60.0000</qCom>
					<vUnCom>7.3979000000</vUnCom>
					<vProd>443.87</vProd>
					<cEANTrib>7891200007448</cEANTrib>
					<uTrib>UN</uTrib>
					<qTrib>60.0000</qTrib>
					<vUnTrib>7.3979000000</vUnTrib>
					<indTot>1</indTot>
				</prod>
				<imposto>
					<ICMS>
						<ICMS10>
							<orig>0</orig>
							<CST>10</CST>
							<modBC>3</modBC>
							<vBC>0.00</vBC>
							<pICMS>12.00</pICMS>
							<vICMS>0.00</vICMS>
							<modBCST>4</modBCST>
							<pMVAST>43.14</pMVAST>
							<vBCST>646.34</vBCST>
							<pICMSST>17.00</pICMSST>
							<vICMSST>55.68</vICMSST>
						</ICMS10>
					</ICMS>
					<PIS>
						<PISAliq>
							<CST>02</CST>
							<vBC>443.87</vBC>
							<pPIS>1.65</pPIS>
							<vPIS>7.32</vPIS>
						</PISAliq>
					</PIS>
					<COFINS>
						<COFINSAliq>
							<CST>02</CST>
							<vBC>443.87</vBC>
							<pCOFINS>7.60</pCOFINS>
							<vCOFINS>33.73</vCOFINS>
						</COFINSAliq>
					</COFINS>
				</imposto>
				<infAdProd>PP-32 CRISTAL (1) / STRASS PP-26 CRISTAL (1) OC:19.05</infAdProd>
			</det>
			<det nItem="7">
				<prod>
					<cProd>171433</cProd>
					<cEAN>7891200007448</cEAN>
					<xProd>ADESIVO CASCOREZ EXTRA 1 KG - HENKEL</xProd>
					<NCM>35061090</NCM>
					<CFOP>5101</CFOP>
					<uCom>UN</uCom>
					<qCom>60.0000</qCom>
					<vUnCom>7.3979000000</vUnCom>
					<vProd>443.87</vProd>
					<cEANTrib>7891200007448</cEANTrib>
					<uTrib>UN</uTrib>
					<qTrib>60.0000</qTrib>
					<vUnTrib>7.3979000000</vUnTrib>
					<indTot>1</indTot>
				</prod>
				<imposto>
					<ICMS>
						<ICMS10>
							<orig>0</orig>
							<CST>10</CST>
							<modBC>3</modBC>
							<vBC>0.00</vBC>
							<pICMS>12.00</pICMS>
							<vICMS>0.00</vICMS>
							<modBCST>4</modBCST>
							<pMVAST>43.14</pMVAST>
							<vBCST>646.34</vBCST>
							<pICMSST>17.00</pICMSST>
							<vICMSST>55.68</vICMSST>
						</ICMS10>
					</ICMS>
					<PIS>
						<PISAliq>
							<CST>02</CST>
							<vBC>443.87</vBC>
							<pPIS>1.65</pPIS>
							<vPIS>7.32</vPIS>
						</PISAliq>
					</PIS>
					<COFINS>
						<COFINSAliq>
							<CST>02</CST>
							<vBC>443.87</vBC>
							<pCOFINS>7.60</pCOFINS>
							<vCOFINS>33.73</vCOFINS>
						</COFINSAliq>
					</COFINS>
				</imposto>
				<infAdProd>PP-32 CRISTAL (1) / STRASS PP-26 CRISTAL (1) OC:19.05</infAdProd>
			</det>
			<det nItem="8">
				<prod>
					<cProd>171433</cProd>
					<cEAN>7891200007448</cEAN>
					<xProd>ADESIVO CASCOREZ EXTRA 1 KG - HENKEL</xProd>
					<NCM>35061090</NCM>
					<CFOP>5101</CFOP>
					<uCom>UN</uCom>
					<qCom>60.0000</qCom>
					<vUnCom>7.3979000000</vUnCom>
					<vProd>443.87</vProd>
					<cEANTrib>7891200007448</cEANTrib>
					<uTrib>UN</uTrib>
					<qTrib>60.0000</qTrib>
					<vUnTrib>7.3979000000</vUnTrib>
					<indTot>1</indTot>
				</prod>
				<imposto>
					<ICMS>
						<ICMS10>
							<orig>0</orig>
							<CST>10</CST>
							<modBC>3</modBC>
							<vBC>0.00</vBC>
							<pICMS>12.00</pICMS>
							<vICMS>0.00</vICMS>
							<modBCST>4</modBCST>
							<pMVAST>43.14</pMVAST>
							<vBCST>646.34</vBCST>
							<pICMSST>17.00</pICMSST>
							<vICMSST>55.68</vICMSST>
						</ICMS10>
					</ICMS>
					<PIS>
						<PISAliq>
							<CST>02</CST>
							<vBC>443.87</vBC>
							<pPIS>1.65</pPIS>
							<vPIS>7.32</vPIS>
						</PISAliq>
					</PIS>
					<COFINS>
						<COFINSAliq>
							<CST>02</CST>
							<vBC>443.87</vBC>
							<pCOFINS>7.60</pCOFINS>
							<vCOFINS>33.73</vCOFINS>
						</COFINSAliq>
					</COFINS>
				</imposto>
				<infAdProd>PP-32 CRISTAL (1) / STRASS PP-26 CRISTAL (1) OC:19.05</infAdProd>
			</det>
			<det nItem="9">
				<prod>
					<cProd>171433</cProd>
					<cEAN>7891200007448</cEAN>
					<xProd>ADESIVO CASCOREZ EXTRA 1 KG - HENKEL</xProd>
					<NCM>35061090</NCM>
					<CFOP>5101</CFOP>
					<uCom>UN</uCom>
					<qCom>60.0000</qCom>
					<vUnCom>7.3979000000</vUnCom>
					<vProd>443.87</vProd>
					<cEANTrib>7891200007448</cEANTrib>
					<uTrib>UN</uTrib>
					<qTrib>60.0000</qTrib>
					<vUnTrib>7.3979000000</vUnTrib>
					<indTot>1</indTot>
				</prod>
				<imposto>
					<ICMS>
						<ICMS10>
							<orig>0</orig>
							<CST>10</CST>
							<modBC>3</modBC>
							<vBC>0.00</vBC>
							<pICMS>12.00</pICMS>
							<vICMS>0.00</vICMS>
							<modBCST>4</modBCST>
							<pMVAST>43.14</pMVAST>
							<vBCST>646.34</vBCST>
							<pICMSST>17.00</pICMSST>
							<vICMSST>55.68</vICMSST>
						</ICMS10>
					</ICMS>
					<PIS>
						<PISAliq>
							<CST>02</CST>
							<vBC>443.87</vBC>
							<pPIS>1.65</pPIS>
							<vPIS>7.32</vPIS>
						</PISAliq>
					</PIS>
					<COFINS>
						<COFINSAliq>
							<CST>02</CST>
							<vBC>443.87</vBC>
							<pCOFINS>7.60</pCOFINS>
							<vCOFINS>33.73</vCOFINS>
						</COFINSAliq>
					</COFINS>
				</imposto>
				<infAdProd>PP-32 CRISTAL (1) / STRASS PP-26 CRISTAL (1) OC:19.05</infAdProd>
			</det>
			<det nItem="10">
				<prod>
					<cProd>171433</cProd>
					<cEAN>7891200007448</cEAN>
					<xProd>ADESIVO CASCOREZ EXTRA 1 KG - HENKEL</xProd>
					<NCM>35061090</NCM>
					<CFOP>5101</CFOP>
					<uCom>UN</uCom>
					<qCom>60.0000</qCom>
					<vUnCom>7.3979000000</vUnCom>
					<vProd>443.87</vProd>
					<cEANTrib>7891200007448</cEANTrib>
					<uTrib>UN</uTrib>
					<qTrib>60.0000</qTrib>
					<vUnTrib>7.3979000000</vUnTrib>
					<indTot>1</indTot>
				</prod>
				<imposto>
					<ICMS>
						<ICMS10>
							<orig>0</orig>
							<CST>10</CST>
							<modBC>3</modBC>
							<vBC>0.00</vBC>
							<pICMS>12.00</pICMS>
							<vICMS>0.00</vICMS>
							<modBCST>4</modBCST>
							<pMVAST>43.14</pMVAST>
							<vBCST>646.34</vBCST>
							<pICMSST>17.00</pICMSST>
							<vICMSST>55.68</vICMSST>
						</ICMS10>
					</ICMS>
					<PIS>
						<PISAliq>
							<CST>02</CST>
							<vBC>443.87</vBC>
							<pPIS>1.65</pPIS>
							<vPIS>7.32</vPIS>
						</PISAliq>
					</PIS>
					<COFINS>
						<COFINSAliq>
							<CST>02</CST>
							<vBC>443.87</vBC>
							<pCOFINS>7.60</pCOFINS>
							<vCOFINS>33.73</vCOFINS>
						</COFINSAliq>
					</COFINS>
				</imposto>
				<infAdProd>PP-32 CRISTAL (1) / STRASS PP-26 CRISTAL (1) OC:19.05</infAdProd>
			</det>
			<det nItem="11">
				<prod>
					<cProd>171433</cProd>
					<cEAN>7891200007448</cEAN>
					<xProd>ADESIVO CASCOREZ EXTRA 1 KG - HENKEL</xProd>
					<NCM>35061090</NCM>
					<CFOP>5101</CFOP>
					<uCom>UN</uCom>
					<qCom>60.0000</qCom>
					<vUnCom>7.3979000000</vUnCom>
					<vProd>443.87</vProd>
					<cEANTrib>7891200007448</cEANTrib>
					<uTrib>UN</uTrib>
					<qTrib>60.0000</qTrib>
					<vUnTrib>7.3979000000</vUnTrib>
					<indTot>1</indTot>
				</prod>
				<imposto>
					<ICMS>
						<ICMS10>
							<orig>0</orig>
							<CST>10</CST>
							<modBC>3</modBC>
							<vBC>0.00</vBC>
							<pICMS>12.00</pICMS>
							<vICMS>0.00</vICMS>
							<modBCST>4</modBCST>
							<pMVAST>43.14</pMVAST>
							<vBCST>646.34</vBCST>
							<pICMSST>17.00</pICMSST>
							<vICMSST>55.68</vICMSST>
						</ICMS10>
					</ICMS>
					<PIS>
						<PISAliq>
							<CST>02</CST>
							<vBC>443.87</vBC>
							<pPIS>1.65</pPIS>
							<vPIS>7.32</vPIS>
						</PISAliq>
					</PIS>
					<COFINS>
						<COFINSAliq>
							<CST>02</CST>
							<vBC>443.87</vBC>
							<pCOFINS>7.60</pCOFINS>
							<vCOFINS>33.73</vCOFINS>
						</COFINSAliq>
					</COFINS>
				</imposto>
				<infAdProd>PP-32 CRISTAL (1) / STRASS PP-26 CRISTAL (1) OC:19.05</infAdProd>
			</det>
			<det nItem="12">
				<prod>
					<cProd>171433</cProd>
					<cEAN>7891200007448</cEAN>
					<xProd>ADESIVO CASCOREZ EXTRA 1 KG - HENKEL</xProd>
					<NCM>35061090</NCM>
					<CFOP>5101</CFOP>
					<uCom>UN</uCom>
					<qCom>60.0000</qCom>
					<vUnCom>7.3979000000</vUnCom>
					<vProd>443.87</vProd>
					<cEANTrib>7891200007448</cEANTrib>
					<uTrib>UN</uTrib>
					<qTrib>60.0000</qTrib>
					<vUnTrib>7.3979000000</vUnTrib>
					<indTot>1</indTot>
				</prod>
				<imposto>
					<ICMS>
						<ICMS10>
							<orig>0</orig>
							<CST>10</CST>
							<modBC>3</modBC>
							<vBC>0.00</vBC>
							<pICMS>12.00</pICMS>
							<vICMS>0.00</vICMS>
							<modBCST>4</modBCST>
							<pMVAST>43.14</pMVAST>
							<vBCST>646.34</vBCST>
							<pICMSST>17.00</pICMSST>
							<vICMSST>55.68</vICMSST>
						</ICMS10>
					</ICMS>
					<PIS>
						<PISAliq>
							<CST>02</CST>
							<vBC>443.87</vBC>
							<pPIS>1.65</pPIS>
							<vPIS>7.32</vPIS>
						</PISAliq>
					</PIS>
					<COFINS>
						<COFINSAliq>
							<CST>02</CST>
							<vBC>443.87</vBC>
							<pCOFINS>7.60</pCOFINS>
							<vCOFINS>33.73</vCOFINS>
						</COFINSAliq>
					</COFINS>
				</imposto>
				<infAdProd>PP-32 CRISTAL (1) / STRASS PP-26 CRISTAL (1) OC:19.05</infAdProd>
			</det>
			<det nItem="13">
				<prod>
					<cProd>171433</cProd>
					<cEAN>7891200007448</cEAN>
					<xProd>ADESIVO CASCOREZ EXTRA 1 KG - HENKEL</xProd>
					<NCM>35061090</NCM>
					<CFOP>5101</CFOP>
					<uCom>UN</uCom>
					<qCom>60.0000</qCom>
					<vUnCom>7.3979000000</vUnCom>
					<vProd>443.87</vProd>
					<cEANTrib>7891200007448</cEANTrib>
					<uTrib>UN</uTrib>
					<qTrib>60.0000</qTrib>
					<vUnTrib>7.3979000000</vUnTrib>
					<indTot>1</indTot>
				</prod>
				<imposto>
					<ICMS>
						<ICMS10>
							<orig>0</orig>
							<CST>10</CST>
							<modBC>3</modBC>
							<vBC>0.00</vBC>
							<pICMS>12.00</pICMS>
							<vICMS>0.00</vICMS>
							<modBCST>4</modBCST>
							<pMVAST>43.14</pMVAST>
							<vBCST>646.34</vBCST>
							<pICMSST>17.00</pICMSST>
							<vICMSST>55.68</vICMSST>
						</ICMS10>
					</ICMS>
					<PIS>
						<PISAliq>
							<CST>02</CST>
							<vBC>443.87</vBC>
							<pPIS>1.65</pPIS>
							<vPIS>7.32</vPIS>
						</PISAliq>
					</PIS>
					<COFINS>
						<COFINSAliq>
							<CST>02</CST>
							<vBC>443.87</vBC>
							<pCOFINS>7.60</pCOFINS>
							<vCOFINS>33.73</vCOFINS>
						</COFINSAliq>
					</COFINS>
				</imposto>
				<infAdProd>PP-32 CRISTAL (1) / STRASS PP-26 CRISTAL (1) OC:19.05</infAdProd>
			</det>
			<det nItem="14">
				<prod>
					<cProd>171433</cProd>
					<cEAN>7891200007448</cEAN>
					<xProd>ADESIVO CASCOREZ EXTRA 1 KG - HENKEL</xProd>
					<NCM>35061090</NCM>
					<CFOP>5101</CFOP>
					<uCom>UN</uCom>
					<qCom>60.0000</qCom>
					<vUnCom>7.3979000000</vUnCom>
					<vProd>443.87</vProd>
					<cEANTrib>7891200007448</cEANTrib>
					<uTrib>UN</uTrib>
					<qTrib>60.0000</qTrib>
					<vUnTrib>7.3979000000</vUnTrib>
					<indTot>1</indTot>
				</prod>
				<imposto>
					<ICMS>
						<ICMS10>
							<orig>0</orig>
							<CST>10</CST>
							<modBC>3</modBC>
							<vBC>0.00</vBC>
							<pICMS>12.00</pICMS>
							<vICMS>0.00</vICMS>
							<modBCST>4</modBCST>
							<pMVAST>43.14</pMVAST>
							<vBCST>646.34</vBCST>
							<pICMSST>17.00</pICMSST>
							<vICMSST>55.68</vICMSST>
						</ICMS10>
					</ICMS>
					<PIS>
						<PISAliq>
							<CST>02</CST>
							<vBC>443.87</vBC>
							<pPIS>1.65</pPIS>
							<vPIS>7.32</vPIS>
						</PISAliq>
					</PIS>
					<COFINS>
						<COFINSAliq>
							<CST>02</CST>
							<vBC>443.87</vBC>
							<pCOFINS>7.60</pCOFINS>
							<vCOFINS>33.73</vCOFINS>
						</COFINSAliq>
					</COFINS>
				</imposto>
				<infAdProd>PP-32 CRISTAL (1) / STRASS PP-26 CRISTAL (1) OC:19.05</infAdProd>
			</det>
			<det nItem="15">
				<prod>
					<cProd>171433</cProd>
					<cEAN>7891200007448</cEAN>
					<xProd>ADESIVO CASCOREZ EXTRA 1 KG - HENKEL</xProd>
					<NCM>35061090</NCM>
					<CFOP>5101</CFOP>
					<uCom>UN</uCom>
					<qCom>60.0000</qCom>
					<vUnCom>7.3979000000</vUnCom>
					<vProd>443.87</vProd>
					<cEANTrib>7891200007448</cEANTrib>
					<uTrib>UN</uTrib>
					<qTrib>60.0000</qTrib>
					<vUnTrib>7.3979000000</vUnTrib>
					<indTot>1</indTot>
				</prod>
				<imposto>
					<ICMS>
						<ICMS10>
							<orig>0</orig>
							<CST>10</CST>
							<modBC>3</modBC>
							<vBC>0.00</vBC>
							<pICMS>12.00</pICMS>
							<vICMS>0.00</vICMS>
							<modBCST>4</modBCST>
							<pMVAST>43.14</pMVAST>
							<vBCST>646.34</vBCST>
							<pICMSST>17.00</pICMSST>
							<vICMSST>55.68</vICMSST>
						</ICMS10>
					</ICMS>
					<PIS>
						<PISAliq>
							<CST>02</CST>
							<vBC>443.87</vBC>
							<pPIS>1.65</pPIS>
							<vPIS>7.32</vPIS>
						</PISAliq>
					</PIS>
					<COFINS>
						<COFINSAliq>
							<CST>02</CST>
							<vBC>443.87</vBC>
							<pCOFINS>7.60</pCOFINS>
							<vCOFINS>33.73</vCOFINS>
						</COFINSAliq>
					</COFINS>
				</imposto>
				<infAdProd>PP-32 CRISTAL (1) / STRASS PP-26 CRISTAL (1) OC:19.05</infAdProd>
			</det>
			<det nItem="16">
				<prod>
					<cProd>171433</cProd>
					<cEAN>7891200007448</cEAN>
					<xProd>ADESIVO CASCOREZ EXTRA 1 KG - HENKEL</xProd>
					<NCM>35061090</NCM>
					<CFOP>5101</CFOP>
					<uCom>UN</uCom>
					<qCom>60.0000</qCom>
					<vUnCom>7.3979000000</vUnCom>
					<vProd>443.87</vProd>
					<cEANTrib>7891200007448</cEANTrib>
					<uTrib>UN</uTrib>
					<qTrib>60.0000</qTrib>
					<vUnTrib>7.3979000000</vUnTrib>
					<indTot>1</indTot>
				</prod>
				<imposto>
					<ICMS>
						<ICMS10>
							<orig>0</orig>
							<CST>10</CST>
							<modBC>3</modBC>
							<vBC>0.00</vBC>
							<pICMS>12.00</pICMS>
							<vICMS>0.00</vICMS>
							<modBCST>4</modBCST>
							<pMVAST>43.14</pMVAST>
							<vBCST>646.34</vBCST>
							<pICMSST>17.00</pICMSST>
							<vICMSST>55.68</vICMSST>
						</ICMS10>
					</ICMS>
					<PIS>
						<PISAliq>
							<CST>02</CST>
							<vBC>443.87</vBC>
							<pPIS>1.65</pPIS>
							<vPIS>7.32</vPIS>
						</PISAliq>
					</PIS>
					<COFINS>
						<COFINSAliq>
							<CST>02</CST>
							<vBC>443.87</vBC>
							<pCOFINS>7.60</pCOFINS>
							<vCOFINS>33.73</vCOFINS>
						</COFINSAliq>
					</COFINS>
				</imposto>
				<infAdProd>PP-32 CRISTAL (1) / STRASS PP-26 CRISTAL (1) OC:19.05</infAdProd>
			</det>
			<det nItem="17">
				<prod>
					<cProd>171433</cProd>
					<cEAN>7891200007448</cEAN>
					<xProd>ADESIVO CASCOREZ EXTRA 1 KG - HENKEL</xProd>
					<NCM>35061090</NCM>
					<CFOP>5101</CFOP>
					<uCom>UN</uCom>
					<qCom>60.0000</qCom>
					<vUnCom>7.3979000000</vUnCom>
					<vProd>443.87</vProd>
					<cEANTrib>7891200007448</cEANTrib>
					<uTrib>UN</uTrib>
					<qTrib>60.0000</qTrib>
					<vUnTrib>7.3979000000</vUnTrib>
					<indTot>1</indTot>
				</prod>
				<imposto>
					<ICMS>
						<ICMS10>
							<orig>0</orig>
							<CST>10</CST>
							<modBC>3</modBC>
							<vBC>0.00</vBC>
							<pICMS>12.00</pICMS>
							<vICMS>0.00</vICMS>
							<modBCST>4</modBCST>
							<pMVAST>43.14</pMVAST>
							<vBCST>646.34</vBCST>
							<pICMSST>17.00</pICMSST>
							<vICMSST>55.68</vICMSST>
						</ICMS10>
					</ICMS>
					<PIS>
						<PISAliq>
							<CST>02</CST>
							<vBC>443.87</vBC>
							<pPIS>1.65</pPIS>
							<vPIS>7.32</vPIS>
						</PISAliq>
					</PIS>
					<COFINS>
						<COFINSAliq>
							<CST>02</CST>
							<vBC>443.87</vBC>
							<pCOFINS>7.60</pCOFINS>
							<vCOFINS>33.73</vCOFINS>
						</COFINSAliq>
					</COFINS>
				</imposto>
				<infAdProd>PP-32 CRISTAL (1) / STRASS PP-26 CRISTAL (1) OC:19.05</infAdProd>
			</det>
			<det nItem="18">
				<prod>
					<cProd>171433</cProd>
					<cEAN>7891200007448</cEAN>
					<xProd>ADESIVO CASCOREZ EXTRA 1 KG - HENKEL</xProd>
					<NCM>35061090</NCM>
					<CFOP>5101</CFOP>
					<uCom>UN</uCom>
					<qCom>60.0000</qCom>
					<vUnCom>7.3979000000</vUnCom>
					<vProd>443.87</vProd>
					<cEANTrib>7891200007448</cEANTrib>
					<uTrib>UN</uTrib>
					<qTrib>60.0000</qTrib>
					<vUnTrib>7.3979000000</vUnTrib>
					<indTot>1</indTot>
				</prod>
				<imposto>
					<ICMS>
						<ICMS10>
							<orig>0</orig>
							<CST>10</CST>
							<modBC>3</modBC>
							<vBC>0.00</vBC>
							<pICMS>12.00</pICMS>
							<vICMS>0.00</vICMS>
							<modBCST>4</modBCST>
							<pMVAST>43.14</pMVAST>
							<vBCST>646.34</vBCST>
							<pICMSST>17.00</pICMSST>
							<vICMSST>55.68</vICMSST>
						</ICMS10>
					</ICMS>
					<PIS>
						<PISAliq>
							<CST>02</CST>
							<vBC>443.87</vBC>
							<pPIS>1.65</pPIS>
							<vPIS>7.32</vPIS>
						</PISAliq>
					</PIS>
					<COFINS>
						<COFINSAliq>
							<CST>02</CST>
							<vBC>443.87</vBC>
							<pCOFINS>7.60</pCOFINS>
							<vCOFINS>33.73</vCOFINS>
						</COFINSAliq>
					</COFINS>
				</imposto>
				<infAdProd>PP-32 CRISTAL (1) / STRASS PP-26 CRISTAL (1) OC:19.05</infAdProd>
			</det>
			<det nItem="19">
				<prod>
					<cProd>171433</cProd>
					<cEAN>7891200007448</cEAN>
					<xProd>ADESIVO CASCOREZ EXTRA 1 KG - HENKEL</xProd>
					<NCM>35061090</NCM>
					<CFOP>5101</CFOP>
					<uCom>UN</uCom>
					<qCom>60.0000</qCom>
					<vUnCom>7.3979000000</vUnCom>
					<vProd>443.87</vProd>
					<cEANTrib>7891200007448</cEANTrib>
					<uTrib>UN</uTrib>
					<qTrib>60.0000</qTrib>
					<vUnTrib>7.3979000000</vUnTrib>
					<indTot>1</indTot>
				</prod>
				<imposto>
					<ICMS>
						<ICMS10>
							<orig>0</orig>
							<CST>10</CST>
							<modBC>3</modBC>
							<vBC>0.00</vBC>
							<pICMS>12.00</pICMS>
							<vICMS>0.00</vICMS>
							<modBCST>4</modBCST>
							<pMVAST>43.14</pMVAST>
							<vBCST>646.34</vBCST>
							<pICMSST>17.00</pICMSST>
							<vICMSST>55.68</vICMSST>
						</ICMS10>
					</ICMS>
					<PIS>
						<PISAliq>
							<CST>02</CST>
							<vBC>443.87</vBC>
							<pPIS>1.65</pPIS>
							<vPIS>7.32</vPIS>
						</PISAliq>
					</PIS>
					<COFINS>
						<COFINSAliq>
							<CST>02</CST>
							<vBC>443.87</vBC>
							<pCOFINS>7.60</pCOFINS>
							<vCOFINS>33.73</vCOFINS>
						</COFINSAliq>
					</COFINS>
				</imposto>
				<infAdProd>PP-32 CRISTAL (1) / STRASS PP-26 CRISTAL (1) OC:19.05</infAdProd>
			</det>
			<det nItem="20">
				<prod>
					<cProd>171433</cProd>
					<cEAN>7891200007448</cEAN>
					<xProd>ADESIVO CASCOREZ EXTRA 1 KG - HENKEL</xProd>
					<NCM>35061090</NCM>
					<CFOP>5101</CFOP>
					<uCom>UN</uCom>
					<qCom>60.0000</qCom>
					<vUnCom>7.3979000000</vUnCom>
					<vProd>443.87</vProd>
					<cEANTrib>7891200007448</cEANTrib>
					<uTrib>UN</uTrib>
					<qTrib>60.0000</qTrib>
					<vUnTrib>7.3979000000</vUnTrib>
					<indTot>1</indTot>
				</prod>
				<imposto>
					<ICMS>
						<ICMS10>
							<orig>0</orig>
							<CST>10</CST>
							<modBC>3</modBC>
							<vBC>0.00</vBC>
							<pICMS>12.00</pICMS>
							<vICMS>0.00</vICMS>
							<modBCST>4</modBCST>
							<pMVAST>43.14</pMVAST>
							<vBCST>646.34</vBCST>
							<pICMSST>17.00</pICMSST>
							<vICMSST>55.68</vICMSST>
						</ICMS10>
					</ICMS>
					<PIS>
						<PISAliq>
							<CST>02</CST>
							<vBC>443.87</vBC>
							<pPIS>1.65</pPIS>
							<vPIS>7.32</vPIS>
						</PISAliq>
					</PIS>
					<COFINS>
						<COFINSAliq>
							<CST>02</CST>
							<vBC>443.87</vBC>
							<pCOFINS>7.60</pCOFINS>
							<vCOFINS>33.73</vCOFINS>
						</COFINSAliq>
					</COFINS>
				</imposto>
				<infAdProd>PP-32 CRISTAL (1) / STRASS PP-26 CRISTAL (1) OC:19.05</infAdProd>
			</det>
			<total>
				<ICMSTot>
					<vBC>0.00</vBC>
					<vICMS>0.00</vICMS>
					<vICMSDeson>0.00</vICMSDeson>
					<vFCP>0.00</vFCP>
					<vBCST>12926.80</vBCST>
					<vST>1113.60</vST>
					<vFCPST>0.00</vFCPST>
					<vFCPSTRet>0.00</vFCPSTRet>
					<vProd>8877.40</vProd>
					<vFrete>0.00</vFrete>
					<vSeg>0.00</vSeg>
					<vDesc>0.00</vDesc>
					<vII>0.00</vII>
					<vIPI>0.00</vIPI>
					<vIPIDevol>0.00</vIPIDevol>
					<vPIS>146.40</vPIS>
					<vCOFINS>674.60</vCOFINS>
					<vOutro>0.00</vOutro>
					<vNF>9991.00</vNF>
				</ICMSTot>
			</total>
			<transp>
				<modFrete>9</modFrete>
			</transp>
			<pag>
				<detPag>
					<tPag>01</tPag>
					<vPag>9991.00</vPag>
				</detPag>
			</pag>
		</infNFe>
	</NFe>
</enviNFe>