<?xml version="1.0" encoding="UTF-8"?>
<retEnvEvento versao="1.00" xmlns="http://www.portalfiscal.inf.br/nfe" xmlns:xsi="http://www.w3.org/2001/XMLSchema-instance"><idLote>1</idLote><tpAmb>2</tpAmb><verAplic>RS20120906120553</verAplic><cOrgao>43</cOrgao><cStat>222</cStat><xMotivo xsi:nil="true"/><retEvento versao="1.00"><infEvento><tpAmb>2</tpAmb><verAplic>RS20120906120553</verAplic><cOrgao>43</cOrgao><cStat>222</cStat><xMotivo xsi:nil="true"/><chNFe>43131107385111000102554440000000061027417338</chNFe><tpEvento>110111</tpEvento><xEvento>Cancelamento</xEvento><nSeqEvento>1</nSeqEvento><dhRegEvento>2013-11-13T11:19:17-02:00</dhRegEvento></infEvento></retEvento></retEnvEvento>